<?xml version="1.0" encoding="UTF-8"?>
<configuration>

    <include resource="org/springframework/boot/logging/logback/defaults.xml"/>

    <appender name="FILE" class="ch.qos.logback.core.rolling.RollingFileAppender">
        <file>./logs/sdc.log</file>

        <rollingPolicy class="ch.qos.logback.core.rolling.TimeBasedRollingPolicy">
            <fileNamePattern>./logs/archive/sdc.%d{yyyy-MM-dd_HH}.log</fileNamePattern>

            <maxHistory>720</maxHistory>

        </rollingPolicy>

        <encoder>
            <pattern>${FILE_LOG_PATTERN:-%d{${LOG_DATEFORMAT_PATTERN:-yyyy-MM-dd HH:mm:ss.SSS}} %-5level [${HOSTNAME:-}:${PID:-}] [%15.15t] %-40.40logger{39} : %m%n${LOG_EXCEPTION_CONVERSION_WORD:-%wEx}}</pattern>
            <charset>UTF-8</charset> </encoder>
    </appender>

    <root level="INFO"> <appender-ref ref="FILE" />    </root>

    <logger name="com.ozbey.sensitive_data_scanner" level="DEBUG" additivity="false">
        <appender-ref ref="FILE" />
    </logger>

    <logger name="org.springframework" level="INFO" additivity="false">
        <appender-ref ref="FILE" />
    </logger>
    <logger name="org.hibernate.SQL" level="INFO" additivity="false">
        <appender-ref ref="FILE" />
    </logger>
    <logger name="org.hibernate.type.descriptor.sql" level="INFO" additivity="false">
        <appender-ref ref="FILE" />
    </logger>

</configuration>